共青团成都锦城学院第一次代表大会、成都锦城学院第一次学生代表大会选举结果公布,http://www.scujcc.edu.cn/info/1076/6004.htm,2021-11-17
土木学子花样“宅校”记,https://mp.weixin.qq.com/s/Ua3vV2_Eh5_tGUMnKviMNQ,2021-11-16
深入贯彻“四个框架”全面全员高水平育人,http://www.scujcc.edu.cn/info/1076/6010.htm,2021-11-16
注意注意！前方文传小姐姐来啦~,https://mp.weixin.qq.com/s/DNu1V04n6gZU2aZczC3CWA,2021-11-15
我校计算机与软件学院曾少宇同学荣获国际超模大赛中国总决赛季军,https://mp.weixin.qq.com/s/Ey5mZ8CTMfBHxP6pCGJ63Q,2021-11-15
译者的选择——外国语学院举行“风采外语路”学术讲座,http://www.scujcc.edu.cn/info/1076/6005.htm,2021-11-15
疫情期间 守住绿码 我校艺术学院邱光平教授创作油画《绿马》,http://www.scujcc.edu.cn/info/1076/6003.htm,2021-11-14
记录时代影像 拥抱美好明天  ——第七届四川省大学生原创微电影大赛颁奖盛典圆满落幕,http://www.scujcc.edu.cn/info/1076/5994.htm,2021-11-14
“不惧疾风！”看他如何成为一个“综合性”人才!,https://mp.weixin.qq.com/s/O_00w2z-8-siawWSMNuBWw,2021-11-13
党建创新，我校工商管理学院教工党支部全面推广“135”支部工作法,https://mp.weixin.qq.com/s/bkXgWLbyKjWCF6Co0y9IUQ,2021-11-13
锦城最靓的秋冬穿搭指南来了！,https://mp.weixin.qq.com/s/4t95cycessKQvzp4XfwKiA,2021-11-08
我校建筑学院召开深入学习锦城教育理论教学研讨会,http://www.scujcc.edu.cn/info/1076/5978.htm,2021-11-08
锦城学工系统深入学习贯彻“四大育人框架”,http://www.scujcc.edu.cn/info/1076/5977.htm,2021-11-08
抗击疫情，锦城师生万众一心,https://mp.weixin.qq.com/s/TMMaDehlFHClJW8EzEBfjg,2021-11-07
新生有话说 | 在锦城 用努力和汗水 浇灌出属于自己的成功,http://www.scujcc.edu.cn/info/1076/5965.htm,2021-11-07
赶紧对照自查！成都本土新增“3+2”！行动轨迹发布！,https://mp.weixin.qq.com/s/DgL3FiHtb5gD94UMbC6rig,2021-11-06
微展览：美的瞬间,https://mp.weixin.qq.com/s/wDHEAnvTfKq8d34x6aRXFA,2021-11-06
强“管理” 抓“落实” 定“目标” 深入推进毕业生就业工作 ——我校召开2022届毕业生就业工作会议,http://www.scujcc.edu.cn/info/1076/5966.htm,2021-11-06
我校2021暑期“三下乡”社会实践活动获评成都市多项荣誉,https://mp.weixin.qq.com/s/WYiokPNkcWI75Lt9bTCXAQ,2021-11-05
四川昨日新增本土确诊病例2例，现有4个中风险区！详情公布！,https://mp.weixin.qq.com/s/yHpinpVbiQfuOk9DmR6B9A,2021-11-05
官宣！“锦小图”借阅规则履新！,https://mp.weixin.qq.com/s/_BPCVfbXc0tKpRU03BWqUA,2021-11-05
交流经验 携手共进 ——广东白云学院、广州市白云工商技师学院率团来访我校,http://www.scujcc.edu.cn/info/1076/5964.htm,2021-11-05
紧急通知！教育系统“六严”“六到位”严防疫情,https://mp.weixin.qq.com/s/RE4BRvK4OhaUzBdwXtvnaw,2021-11-04
你想知道在锦城读书可以忙到什么程度吗？,https://mp.weixin.qq.com/s/n0_sCOQVXtZFMmROaegUpg,2021-11-04
深化校企合作 开展产教研融合 ——我校和中建八局华西分局开展校企合作交流,http://www.scujcc.edu.cn/info/1076/5955.htm,2021-11-04
昨天看了美女学霸，今天来看帅哥学霸,https://mp.weixin.qq.com/s/Vp0P-zeGtJyEbW2EjJ9_ow,2021-11-03
我校邱光平教授参加“文代会”获封面新闻专访,https://mp.weixin.qq.com/s/VKVD3xmAQh8CRwNpKxTotA,2021-11-03
四川省新型冠状病毒肺炎疫情最新情况（11月3日发布）,https://mp.weixin.qq.com/s/j_e4GgPbHczXkt0cimvYMw,2021-11-03
为学子展现真实的新媒体环境下的内容创作 ——业界大咖微讲座走进“锦城”课堂,http://www.scujcc.edu.cn/info/1076/5944.htm,2021-11-03
“重阳迎暖意，九九亦久久”主题敬老活动,http://www.scujcc.edu.cn/info/1076/5963.htm,2021-11-03
橙意机构I-ORANGE“宣讲活动”走进文传,http://www.scujcc.edu.cn/info/1076/5975.htm,2021-11-03
快看！天上掉下个美女学霸！才貌双全奖学金拿到手软,https://mp.weixin.qq.com/s/fmkpz774dkyrdJiI4Dy4JA,2021-11-02
我校校足球队勇夺JFC青少年国际锦标赛冠军,http://www.scujcc.edu.cn/info/1076/5940.htm,2021-11-02
斩获佳绩 打破记录 深度学习再出成果——土木学院、建筑学院在第七届四川省大学生测绘技能竞赛中获佳绩,http://www.scujcc.edu.cn/info/1076/5938.htm,2021-11-02
助力考研 财会一直在行动 ——财务会计学院召开考研交流讲座,http://www.scujcc.edu.cn/info/1076/5957.htm,2021-11-02
胡亦明校友回校为我校学子做讲座,http://www.scujcc.edu.cn/info/1076/5962.htm,2021-11-02
她用实力诠释“比你好看的人还比你努力”,https://mp.weixin.qq.com/s/ch_g8XsBdZsrMBLUdWi2tg,2021-11-01
普华永道实习、摄影作品200万曝光，看她如何专业、“长板”两手抓 成都锦城学院 今天,https://mp.weixin.qq.com/s/xonrcJoWIMHpdPnXSbZWiw,2021-10-31
快来看看还有哪些你没见识过的“花式”点名or签到,https://mp.weixin.qq.com/s/thzwzOUEd0U7PP7hXb4o_Q,2021-10-31
金融学院双创中心见面大会圆满召开,http://www.scujcc.edu.cn/info/1076/5976.htm,2021-10-31
周琳晞：把兴趣爱好发挥到极致就是长板,https://mp.weixin.qq.com/s/Wq2UZ8T5xSJs3FIuAtq8pQ,2021-10-29
属于锦城学院的26个字母,https://mp.weixin.qq.com/s/As6MtFJFiv9uxJonxm72jQ,2021-10-28
新生有话说 | 选择锦城的我们一定会前程似锦,http://www.scujcc.edu.cn/info/1076/5925.htm,2021-10-28
拿国奖、赢竞赛、拿华为认证、获“综A”.....他一步步向自己的目标靠近,https://mp.weixin.qq.com/s/zg1VpSBHdi4k_liiGkScww,2021-10-27
第十六届锦城学生通讯社换届大会圆满举行,https://mp.weixin.qq.com/s/JOoDGLEKCk03T6kyUmPR2Q,2021-10-27
我校建筑学院在“2021年第三届四川省大学生乡村振兴创意设计大赛”中取得佳绩,http://www.scujcc.edu.cn/info/1076/5922.htm,2021-10-27
看！锦城的秋天这么美,https://mp.weixin.qq.com/s/j7zap3C8EIjiY-hSTgU0ZQ,2021-10-26
探索新媒体教学新模式 “剪映创作营”进校园,https://mp.weixin.qq.com/s/4AEqEyOJdSZJl5Dq9VZaxg,2021-10-26
诵古今经典 书华夏文明 ——我校组织开展“2021年中华经典诵写讲演”活动,http://www.scujcc.edu.cn/info/1076/5918.htm,2021-10-26
锦城学子的夜宵,https://mp.weixin.qq.com/s/uRabLvoWYoPFV4ux8i5gvA,2021-10-25
喜讯 | 20级播音专业三名同学在金流量比赛中取得优异成绩,https://mp.weixin.qq.com/s/YoCM7DDTDqFRbCpMe_3zVw,2021-10-25
叮咚！！您的“秋日书单”已送达，请签收,https://mp.weixin.qq.com/s/4xe5UlEGhXbyMUw_GBRiWw,2021-10-24
文传学院新风青协开展重阳节敬老活动,http://www.scujcc.edu.cn/info/1076/5894.htm,2021-10-24
今天，纪念伟大胜利！,https://mp.weixin.qq.com/s/owcBpZ3dEg1ULilOvhxdsg,2021-10-22
首届巴蜀文化与南方丝绸之路学术研讨会在成都召开 ——我校谢天开教授和毛欣然副教授受邀出席会议并作论文宣讲,http://www.scujcc.edu.cn/info/1076/5893.htm,2021-10-22
秋天，我和农场有个约会,https://mp.weixin.qq.com/s/D5fdDqa_ZhB5nycSnOIuEA,2021-10-21
共青团中央官方报道我校农场劳动教育,http://www.scujcc.edu.cn/info/1076/5887.htm,2021-10-21
看了这些电影，锦城学子这么说,https://mp.weixin.qq.com/s/Par2UUfuLfEt9qVl_WY-Fw,2021-10-20
实践课程进校园 ———创意星球大讲堂精彩纷呈,http://www.scujcc.edu.cn/info/1076/5885.htm,2021-10-20
40个世界顶级教师的教学建议,http://www.scujcc.edu.cn/info/1076/5884.htm,2021-10-19
锦城“析光”团队荣获挑战杯“黑科技”专项赛国奖！,https://mp.weixin.qq.com/s/cq1E-gZwqYBrOFZaDgnLsA,2021-10-19
中国日报“媒介推广宣讲活动”走进我校,http://www.scujcc.edu.cn/info/1076/5880.htm,2021-10-19
@大学生，这几件事，在大学千万别做！,https://mp.weixin.qq.com/s/OW54lU5SkDab2PBSS_7VBQ,2021-10-18
百名校友导学团在2021级新生入学教育上的报告节选（二）,http://www.scujcc.edu.cn/info/1076/5877.htm,2021-10-18
关于​开通学生自主办理火车票优惠卡写卡和充值的通知,https://mp.weixin.qq.com/s/WYYXEKkERddSRd_zD4MhfQ,2021-10-17
锦城之道，助你领先——看锦城如何走 在教育改革前列,http://www.scujcc.edu.cn/info/1076/5870.htm,2021-10-17
【锦城大讲堂】汪洪亮教授带你走近近代学人李安宅,https://mp.weixin.qq.com/s/6kFcfm2hiOXaeimogyiyAA,2021-10-16
百名校友导学团在2021级新生入学教育上的报告节选（一）,http://www.scujcc.edu.cn/info/1076/5868.htm,2021-10-16
我校艺术学院3个团队在第三届四川省大学生乡村振兴创意设计大赛中斩获嘉奖,https://mp.weixin.qq.com/s/Gcslx7tkXF66r2qe_St7xg,2021-10-15
我校土木学院开展2022届学生就业指导讲座,https://mp.weixin.qq.com/s/qa5bq1uAqxXpGTCJ-Nn-Ew,2021-10-15
仅有致敬是不够的——范藻教授讲述对电影《长津湖》的美学反思,https://mp.weixin.qq.com/s/EZPE472zicJf3MLq13fG_w,2021-10-14
与你“团”聚|锦城百团纳新等你来!,https://mp.weixin.qq.com/s/OEckjqFnWtN0VWTZUvlDHg,2021-10-13
人人参与消防 共建平安校园,http://www.scujcc.edu.cn/info/1076/5862.htm,2021-10-13
神仙打架、谁与争锋！锦城国奖答辩现场全纪实！,https://mp.weixin.qq.com/s/LMh0auQTm70l63ye2qszNw,2021-10-12
叮～你有一份校友的家乡特产推送待接收,https://mp.weixin.qq.com/s/4tZUqxymzc009Uu-tbcxsQ,2021-10-12
在环境中坚定自己 在困难中成就自己 ——梦想演说家董仲蠡作客锦城大讲堂,http://www.scujcc.edu.cn/info/1076/5857.htm,2021-10-12
直播预告|2021年校长特别奖学金、国家奖学金、优秀学生标兵答辩会直播即将开启,https://mp.weixin.qq.com/s/dwdn-IxeQ1-xlqeDhe5yvw,2021-10-11
发挥才干 让梦腾飞 ——融创中国控股有限公司来校招聘,http://www.scujcc.edu.cn/info/1076/5854.htm,2021-10-11
快来！41位锦城国奖候选人投票通道已开启！,https://mp.weixin.qq.com/s/L6z9e11hQISJSX74_4DO4A,2021-10-10
开拓就业渠道 搭建就业平台 ——成都建工集团第六工程公司来校招聘,http://www.scujcc.edu.cn/info/1076/5848.htm,2021-10-10
关于2021年秋季学期脱贫户（原建档立卡贫困户）本专科学生特别资助在线办理有关事项的公告,https://mp.weixin.qq.com/s/O0KrM4zmMkdgy09hFu2SCw,2021-10-09
深入沟通 加强合作 ——洋葱集团一行来我校洽谈合作,http://www.scujcc.edu.cn/info/1076/5846.htm,2021-10-09
大型国有企业上市公司相继来校举办秋季专场招聘会,http://www.scujcc.edu.cn/info/1076/5844.htm,2021-10-08
假期结束，锦城等你回家,https://mp.weixin.qq.com/s/pTrLjQhCte7rph5UDLTo7w,2021-10-07
五彩斑斓的“锦城”壁纸,https://mp.weixin.qq.com/s/kTxo2v1dUaSyw-0-AX9iMQ,2021-10-07
锦城学子国庆假期生活图鉴~,https://mp.weixin.qq.com/s/3KK-40-lTFIPPjqmxjm-5g,2021-10-06
每一帧都很治愈！这就是中国的盛世美颜,https://mp.weixin.qq.com/s/M8tHSAeFTeHKb8GUgyHEaA,2021-10-06
已开始报名！2022研招统考这21个细节要搞清楚,https://mp.weixin.qq.com/s/npm5dRlctDdhtj8poY4ppA,2021-10-06
快来查收你的国庆朋友圈,https://mp.weixin.qq.com/s/G3u8M7r5RAgyS3ZxscZxkQ,2021-10-05
国庆锦城一日游,https://mp.weixin.qq.com/s/622cG_owLx6Vev2QwSxd3Q,2021-10-04
我们生在红旗下，长在春风里,https://mp.weixin.qq.com/s/xy0DxhR1ex239kHovPScEw,2021-10-03
锦城学子和家人一起为祖国献上祝福！,https://mp.weixin.qq.com/s/xosIQktGW2kQ3vIxHPrgqQ,2021-10-02
大手牵小手，“锦城”迎国庆,https://mp.weixin.qq.com/s/lpADA9hN2-OkoiQMhRxoWg,2021-10-02
祝福伟大祖国生日快乐,https://mp.weixin.qq.com/s/dqvU-m5EgL8tpNM-FbqRWA,2021-10-01
人民网、四川观察等媒体报道我校“尊师节”千名师生诵读《论语》,https://mp.weixin.qq.com/s/Z_8KsC5kZITRTFL9-QPPFQ,2021-09-29
我校劳动教育登上《中国青年报》客户端热点头条,https://mp.weixin.qq.com/s/MUVYfSxm6cLjn2nVaHhR1A,2021-09-29
我校图书馆国庆期间开馆时间通知,https://mp.weixin.qq.com/s/GCsdzd0cO451HwCsp8Kfyw,2021-09-29
备忘录！——记录当代大学生的美好生活,https://mp.weixin.qq.com/s/usNkFnTUOBuC2YI_v2ZdsQ,2021-09-27
锦城学院——美国费尔菲尔德大学第二届跨洋笔友学术交流项目总结会议暨闭幕仪式,https://mp.weixin.qq.com/s/f6WBlMEvMeny1OhcNLj3rw,2021-09-27
校级团学组织秋季招新活动正式启动,http://www.scujcc.edu.cn/info/1076/5820.htm,2021-09-27
新生有话说 | 发扬“锦城精神”，做未来主人!,https://mp.weixin.qq.com/s/kd03aQlewrD9lDKeamvn1g,2021-09-26
我校谢天开教授出席“东亚汉学研究”国际学术研讨会作论文宣讲：“《野马·尘埃》叙事的互文性刍论”,https://mp.weixin.qq.com/s/um2CDHKTPqY9Y1a7tkP5hQ,2021-09-26
我校艺术学院组织全院教师学习贯彻推进深度学习,http://www.scujcc.edu.cn/info/1076/5816.htm,2021-09-26
2022届毕业生秋季专场招聘会正式启动——中国五冶集团来校招聘,http://www.scujcc.edu.cn/info/1076/5814.htm,2021-09-25
2021年10月学生证和火车优惠卡补办通知,https://mp.weixin.qq.com/s/UUcaaUVjDeZAENv9uc0K4Q,2021-09-23
快来看看锦城的军训十二时辰！,https://mp.weixin.qq.com/s/E4Zn0gWEWpLQ_TCvkWe7NA,2021-09-23
我校多个社会实践团队获评国家级、省级重点项目,http://www.scujcc.edu.cn/info/1076/5805.htm,2021-09-23
锦城学子在第九届NCDA全国数字设计艺术大赛中获得嘉奖,https://mp.weixin.qq.com/s/xSA5axVupkIpvDMD_WIqwg,2021-09-22
跨境电商全国大赛 锦城学子初战告捷,https://mp.weixin.qq.com/s/0uPYdN97rgArt9b8wm73OQ,2021-09-22
热爱建筑 深度学习前沿科技 ——建筑学院举行2021级新生开学典礼,http://www.scujcc.edu.cn/info/1076/5785.htm,2021-09-22
锦城清辉予你，中秋团圆与你,https://mp.weixin.qq.com/s/Jw8gdtlhzH0V9EkNiJS2qw,2021-09-21
抓落实 抓贯彻 稳扎稳打推进 教师“高阶教学”促进学生“深度学习”,https://mp.weixin.qq.com/s/3gw0b4CRlbGNDD1hSgxlww,2021-09-21
规范课堂管理 营造学习氛围,https://mp.weixin.qq.com/s/aG0N_-vzeCJJRX7v9VGssA,2021-09-21
锦财学子 精彩人生 启程锦城 与财同行 ——财会学院举行2021级新生见面会暨榜样校友报告会,http://www.scujcc.edu.cn/info/1076/5786.htm,2021-09-21
强化培训，用高阶教学促进深度学习——总督办召开新学期督导学习培训会议,https://mp.weixin.qq.com/s/Plpr4yvadTBQMMKumCErOg,2021-09-20
锦城军训特辑：磨炼钢铁般的意志，我是勇敢“特种兵”！,https://mp.weixin.qq.com/s/7Va_hw7orNMg6K2BxXacQw,2021-09-20
走进高阶教学课堂 探索深度学习领域 ——电子学院隆重举行2021级新生开学典礼,http://www.scujcc.edu.cn/info/1076/5784.htm,2021-09-20
四六级考试来了！9月22日开始报名！还要注意...,https://mp.weixin.qq.com/s/c-f22J5uxsPMT1xGCQl5Ug,2021-09-19
踏上新征程 笑迎新生活 ——金融学院隆重举行2021级新生开学典礼,http://www.scujcc.edu.cn/info/1076/5783.htm,2021-09-19
听！声声警钟鸣，回荡90年！,https://mp.weixin.qq.com/s/WkpwdIWNbi9TE1cKJ3SVnQ,2021-09-18
教育部：鼓励广大师生中秋国庆就地过节！,https://mp.weixin.qq.com/s/I37SpAH9FKt_RE2O0UVxMg,2021-09-18
关于做好锦城2021级新生图像采集工作的通知,https://mp.weixin.qq.com/s/9-lWc5OGhY2csZpKVRrFwg,2021-09-18
出炉！锦城大学生的快乐榜单,https://mp.weixin.qq.com/s/na9dKYsN4qEuTyS4RGyxTg,2021-09-16
青年艺术家锦城葛玲玮现代岩彩画在上海展出,https://mp.weixin.qq.com/s/a5RAtHep6HDfvi_CBa2Y-g,2021-09-16
锦城学院考点计算机等级考试注意事项,https://mp.weixin.qq.com/s/kR45GRZyXfvl8aS_AWWUUw,2021-09-16
新生有话说 | “有学上，上好学” 给了我一次拼搏的机会,https://mp.weixin.qq.com/s/sE61I87-8-PQx5px1nQtdA,2021-09-15
快来看看正在军训的他们！,https://mp.weixin.qq.com/s/8OVf0rizNgag0IPzUZ9b2w,2021-09-14
我校金融学院在CFA协会职业道德分析挑战赛中斩获冠军,http://www.scujcc.edu.cn/info/1076/5768.htm,2021-09-14
锦城女神志丨刘桂宏：既是能工巧匠，又是专家学者,https://mp.weixin.qq.com/s/tD4LtInjky7-IenKb_5B_A,2021-09-13
诗与锦城的夜,https://mp.weixin.qq.com/s/SE8QJp-WD031tTP8_GUIyQ,2021-09-12
锦城课堂大于天 锦城课堂因你而精彩,http://www.scujcc.edu.cn/info/1076/5755.htm,2021-09-12
创新领先、前沿应用的锦城教育！,http://www.scujcc.edu.cn/info/1076/5756.htm,2021-09-12
选我所爱 爱我所选,http://www.scujcc.edu.cn/info/1076/5757.htm,2021-09-12
谁寄锦书“来” 犹似曾相“见”----记2021级文创专业新生见面会,https://mp.weixin.qq.com/s/qNInBNSbs1l2186VNSJ4RQ,2021-09-10
祝全体锦城教师节日快乐！,https://mp.weixin.qq.com/s/4kEKq2cpV-ft4uZGZ3kEWQ,2021-09-10
新生注意！2021下半年四六级开始提交并核对信息啦！,https://mp.weixin.qq.com/s/TsMKO-s5D_xReJ0xNfQSuA,2021-09-10
志愿锦城 温暖同行 ——我校2021迎新志愿服务工作圆满完成,http://www.scujcc.edu.cn/info/1076/5750.htm,2021-09-10
我校2021级新生入学教育扎实开展,http://www.scujcc.edu.cn/info/1076/5749.htm,2021-09-09
新生有话说 | 选择锦城，是最正确的决定,https://mp.weixin.qq.com/s/y8pTqpL0Y6ic8YUmK2Hxbg,2021-09-08
辅修 | 2021，辅修开始报名了！,https://mp.weixin.qq.com/s/tpfDGbLHtNgZnKW4pJGhRA,2021-09-08
新生有话说|我们的起点等同于站在巨人的肩上,https://mp.weixin.qq.com/s/K5HhiUL4I2Up5KB7W05mMw,2021-09-07
2021级新生第一次晚点名,https://mp.weixin.qq.com/s/TJGFy5Pcyw0YI8LLb34-oQ,2021-09-06
迈步新征程 铸就新辉煌 ——我校学生会主席团成员李瑶当选2021—2022年度成都市学生联合会执行主席,http://www.scujcc.edu.cn/info/1076/5724.htm,2021-09-06
新生季丨一见倾心 心向锦城,https://mp.weixin.qq.com/s/WuxtLSITTcE0u7c7CtATcw,2021-09-05
“孩子就交给你们了” “家长请您放心！”,https://mp.weixin.qq.com/s/rC8mupzkPiCFfHFg8sJY3A,2021-09-04
慎终如始抓好疫情防控 全力筑牢校园安全防线——我校保卫处积极开展秋季学期开学疫情防控工作,http://www.scujcc.edu.cn/info/1076/5717.htm,2021-09-04
迎新季|萌新必看！锦城2021新生攻略~,https://mp.weixin.qq.com/s/Qp5-TyjCcXSHTI8LEqIIXw,2021-09-02
祝贺！我校土木学院学子在国赛中取得好成绩！,https://mp.weixin.qq.com/s/QcYuxLU7A653mOz95G5zjg,2021-09-02
热烈祝贺我校钱梅教授、李芳芳教授荣获四川省首届“天府金话筒”终身成就奖！,https://mp.weixin.qq.com/s/WHx7nBrocuLRrHeKDsMYpw,2021-09-01
2w+锦城人的花式晚点名！,https://mp.weixin.qq.com/s/QL5FgqpoXulpZYOhY1JesA,2021-08-31
【优秀学生】怀谦卑之心，与时代同行,https://mp.weixin.qq.com/s/AY-hK77lnsLm1CmBS2NNHw,2021-08-30
关于2021年生源地信用助学贷款回执办理的通知,https://mp.weixin.qq.com/s/KAgY7XNql0eBp6s7QHNy-A,2021-08-30
重要|这个通识选修课可能会影响你的学位！,https://mp.weixin.qq.com/s/Falu5pCaRZprv1M72TUS1A,2021-08-30
锦城开学第一天,http://www.scujcc.edu.cn/info/1076/5701.htm,2021-08-30
坚守校园疫情防控第一线 筑起校园安全屏障,http://www.scujcc.edu.cn/info/1076/5700.htm,2021-08-30
高校毕业生们注意啦！这些补贴可以申请,https://mp.weixin.qq.com/s/aGv7tenPpQqlyLV_DGRNNw,2021-08-29
我校计算机学院开展深度学习研讨会,https://mp.weixin.qq.com/s/aX6_kzZ64ODR98ZbBMQs0A,2021-08-29
新学期、新开始！锦城，今天我们回家啦！,https://mp.weixin.qq.com/s/vciHU7lpOUflac-Z_eIL_Q,2021-08-28
【优秀学生】陈春梅：扶起被撞伤的老人，展示锦城人的善良和担当,https://mp.weixin.qq.com/s/gbbxHZMK3I6LAKDlqhE2TA,2021-08-28
我校图书馆开馆通知,https://mp.weixin.qq.com/s/MJ_T6KM6wWfzdDcpFi2YmA,2021-08-27
平安返校第一天！欢迎孩子们回家！,https://mp.weixin.qq.com/s/SOBiPgEA_Fd2ylOdBFrItg,2021-08-27
【优秀学生】吴祖恩：悬崖边，他的血肉之躯成为危急中的救生绳,https://mp.weixin.qq.com/s/LjU6DANhxHfCENyWytetsw,2021-08-26
大学期间这些证书值得考！实用考证指南送给你,https://mp.weixin.qq.com/s/AtQMoykv5C-a3-RPzuSPaQ,2021-08-26
【征集令】寻找2021年开学典礼新生代表发言人,https://mp.weixin.qq.com/s/7H37aL-fGzrJAhvZ7pvgTw,2021-08-25
过过过过过！四六级成绩来了！明日可查,https://mp.weixin.qq.com/s/aIZdPbBpceZK0E8IxrEnPQ,2021-08-25
速来围观 | 成都锦城学院2021级新生数据大揭秘,https://mp.weixin.qq.com/s/HPzKCb9rskO1X6N9yh3dVg,2021-08-24
【优秀学生】黄垲淋：少年负壮气 奋烈自有时,https://mp.weixin.qq.com/s/IO_IcBUUBMLhgJnU5Rc7Hg,2021-08-24
锦城2021级新生学号与班级查询上线啦！,https://mp.weixin.qq.com/s/n_uYY2LZqM-4WuEfJS8AZQ,2021-08-23
【优秀学生】吴奕含：踏出自己的第一步,https://mp.weixin.qq.com/s/G4Sc7yrXf7akt6If6LSIpw,2021-08-23
【优秀学生】雷佶坪 ：未来未来，我，创造现在,https://mp.weixin.qq.com/s/ob3FKFcyS06HwuazTRgN-A,2021-08-22
注意|新生健康上报须知及企业微信使用说明,https://mp.weixin.qq.com/s/Wy4uL_Wo8zMSl9xBGig2VA,2021-08-21
锦城校园婚纱照！太甜了！,https://mp.weixin.qq.com/s/pPaLYPQ_S22GX3njbuuZ8w,2021-08-20
谈中国高校组建学校军乐团的意义与困境,https://mp.weixin.qq.com/s/0CTI0uTjKV491tRY6xOCjA,2021-08-20
【优秀学生】杨峰：让改变发生，与优秀同行,https://mp.weixin.qq.com/s/tMYK8QLHAyJf0sLftUB96Q,2021-08-20
团学在线直播，200余名新生提前“入校”,https://mp.weixin.qq.com/s/OADTyPAYD9RlPhTrubly3Q,2021-08-19
关注 |我校2021年普通高校招生录取工作圆满结束！录取情况全部更新！,https://mp.weixin.qq.com/s/wwxYEGMT5t4S6vpb-xFjgA,2021-08-19
【优秀学生】张效源:坚持的人有收获,https://mp.weixin.qq.com/s/QusoR3MAN0PrJuhMkR0W_Q,2021-08-18
注意！防范电信网络诈骗告全体师生员工书,https://mp.weixin.qq.com/s/zOFroDXc9k3KKYElxyOKgg,2021-08-18
重磅|成都锦城学院秋季开学通知,https://mp.weixin.qq.com/s/tb1OF05lUkPHLgdPc5Z8aA,2021-08-18
【优秀学生】吴江：触类旁通 做未来设计师,https://mp.weixin.qq.com/s/3qMn-lFaFOP2kRSQWzAVKA,2021-08-17
【优秀学生】罗淇文：做一流班长 建一流班级,https://mp.weixin.qq.com/s/nEKMaI8Ar0VVkwlYLpkolw,2021-08-16
成都锦城学院｜本科录取5230人，全部满足专业第一志愿，0退档，0调剂,https://mp.weixin.qq.com/s/wTIp_TnYtmAgO-nBSRYguQ,2021-08-16
录取分数再创新高 | 成都锦城学院在川专科录取开始,https://mp.weixin.qq.com/s/HS8jFWbqT9iOWxTQ6NxOVA,2021-08-16
【优秀学生】谢含煜 ：做自立自省的读书人,https://mp.weixin.qq.com/s/qPZmT5asvQ9z3MkbaoOQbQ,2021-08-15
【优秀学生】粟梓莛:成功，失败就好比一对孪生姐妹,https://mp.weixin.qq.com/s/i06AuWwZdEpJdUjACw3xhA,2021-08-14
锦城萌新剧透|来康康你们的辅导员是谁？,https://mp.weixin.qq.com/s/WxUrC6fpL0DbnSUkjasEwg,2021-08-14
“双冠”！成都锦城学院本科招生续写辉煌,https://mp.weixin.qq.com/s/OpWvQRcLjB1HucPVzSazgw,2021-08-13
【优秀学生】黄安琦: 博学笃行 止于至善,https://mp.weixin.qq.com/s/rx-7-kq-2ld6Mlv2Yy7juA,2021-08-13
超赞！锦城“黑科技”五强作品展示！,https://mp.weixin.qq.com/s/pGJv5LWYiALFf-QubBPjJg,2021-08-12
【优秀学生】罗瑞：志之所趋，无远弗届,https://mp.weixin.qq.com/s/HFuhiN2ajjJeBunN5B7DRQ,2021-08-12
【优秀学生】刘蕙阳：止于至善，一直在路上,https://mp.weixin.qq.com/s/uFl-mzZoTCC6sVR_Qgsplw,2021-08-11
【优秀学生】张锦瑞：直面挑战，积极参与,https://mp.weixin.qq.com/s/KGW4yfNnUXjVOFvchpkRFg,2021-08-10
从差异到融合：校企双方在提升大学生就业能力方面的转变,https://mp.weixin.qq.com/s/9I6gMNzRMTXWjuOmEwYfGA,2021-08-10
【优秀学生】赖逸琳：温暖与你不期而遇,https://mp.weixin.qq.com/s/CWOryUwQPG821kYMV1axcg,2021-08-09
锦城的萌新们是否收到期待已久的通知书呢？,https://mp.weixin.qq.com/s/7rNZe1Tq9oKhxNauLISeuw,2021-08-08
成都锦城学院2020-2021学年（春季学期） 高阶课堂督导报告,https://mp.weixin.qq.com/s/hmcFL4-vKfhlMRU3pSRirg,2021-08-08
【优秀学生】李昱：成长就是不断突破，做最好的自己,https://mp.weixin.qq.com/s/Xq4aOdN99x4UEWNG4SZ7SQ,2021-08-08
权威发布|我校2021年录取分数线（更新至8月7日）,https://mp.weixin.qq.com/s/Ghu_eHAKa3nzsU7nhg3aVg,2021-08-07
【优秀学生】颜子镒：努力做有多元视野的锦城人,https://mp.weixin.qq.com/s/HlBJnj2Ryr9sRoK10eFv7Q,2021-08-07
【优秀学生】张燕宗：征途漫漫，惟有奋斗,https://mp.weixin.qq.com/s/9Ro9_WTczCkbaZiPq3z56A,2021-08-06
用创新拥抱未来,https://mp.weixin.qq.com/s/XgNSjmlAt66tOGgKsjSdCA,2021-08-06
【优秀学生】刘泓杏：在热爱的锦城中不断成长,https://mp.weixin.qq.com/s/qKhtTS3YObintIi1OmW7qA,2021-08-05
【优秀学生】毛阳：一切始于热爱,https://mp.weixin.qq.com/s/EPStqiX_miyoBNxPhQ5DHw,2021-08-04
锦青“三下乡”回顾丨浦江的别样之“旅”！,https://mp.weixin.qq.com/s/y9FCKYbjoCRyUYnsHs7qhQ,2021-08-04
久等了！成都锦城学院录取通知书正向你飞奔而来,https://mp.weixin.qq.com/s/9_BBnpwYAmId-n6RsUGWWg,2021-08-03
【优秀学生】胡继：止于至善、争做未来型人才,https://mp.weixin.qq.com/s/QRjVR_LRRHEXrEPUek2xpg,2021-08-03
【优秀学生】杜倩：以“尺”为梦，丈量青春,https://mp.weixin.qq.com/s/6TSl26cvaaMnAaIROwXHUg,2021-08-02
喜报！我校智能车团队在国赛中再创佳绩！,http://www.scujcc.edu.cn/info/1076/5618.htm,2021-08-02
【辅导员的温暖故事】王楚——青春领路人 人生好导师,https://mp.weixin.qq.com/s/lVawHtH7UBGrAHNMWBJ7rA,2021-08-01
【辅导员的温暖故事】周晛玥：学生发展的好“导演”,https://mp.weixin.qq.com/s/5jQ0-3roxjf4jO3r39JHIw,2021-07-31
成都锦城学院招生录取再创辉煌 | 在川本科二批开始录取,https://mp.weixin.qq.com/s/qF_zO_-nIt7SLk_5IMMLLQ,2021-07-31
【优秀学生】李松松：不甘于平凡,https://mp.weixin.qq.com/s/KkAMedsPGTr4UE5Ol5bBZg,2021-07-30
【优秀学生】高源：一个人要像一支队伍,https://mp.weixin.qq.com/s/iowlD0cweZ2y9cMuR8fHcA,2021-07-29
【优秀学生】邱雨亭：学无止境，矢志笃行,https://mp.weixin.qq.com/s/kTIS7FV0IDlzaLc7rXZxeg,2021-07-28
【辅导员的温暖故事】陈伯亨：集颜值与才华于一身，用真诚与热情待学生,https://mp.weixin.qq.com/s/A9ZgYHVtehfyOAgIO8NDvw,2021-07-27
权威发布|我校2021年录取分数线（更新至7月26日）,https://mp.weixin.qq.com/s/4yCw_P152b6ac1qv3PC9OQ,2021-07-27
校友来了！原财金系06级校友们重返母校锦城！,https://mp.weixin.qq.com/s/Zemu-cwdKM8h6BwUQIrGOw,2021-07-26
【辅导员温暖故事】吕一概：携爱同行，与学生一起成长,https://mp.weixin.qq.com/s/blM4TWYTp4V0qAApUD1IsQ,2021-07-25
权威发布|我校2021年录取分数线（更新至7月25日）,https://mp.weixin.qq.com/s/9CfuAYYBQCex6OdyJxUj9w,2021-07-25
【优秀学生】陈益馨：不负韶华，砥砺前行,https://mp.weixin.qq.com/s/bsiw5qJ-O96q4eUz9zacAg,2021-07-24
【辅导员的温暖故事】杨振山：用爱和责任对待自己的事业,https://mp.weixin.qq.com/s/tqM93cK08lYc78w7W51UXA,2021-07-23
权威发布丨2021年我校在川普通类本科一批调档线公布,https://mp.weixin.qq.com/s/K2_-R-PQs72XjKEh-hJ-dA,2021-07-23
【优秀学生】孙彤：以另一种方式拥抱梦想,https://mp.weixin.qq.com/s/X7Ft7JmIoyTgmYx0PR3lbQ,2021-07-22
【辅导员的温暖故事】蒋靖：至亲至善至知己 亦师亦友亦比邻,https://mp.weixin.qq.com/s/Os6h7z9Bjk5GMbGk4MKJiw,2021-07-21
锦城学院山东校友会筹委会公告,https://mp.weixin.qq.com/s/VZbupQtyAD_PKu6Q2cjeVw,2021-07-21
权威发布|我校在川艺术本科调档线公布,https://mp.weixin.qq.com/s/qkp-CjRa-6cnHQB1_FmPnw,2021-07-21
我校2018级黄悦婷团队纪录片《路》荣获“高校影视作品交流展映”二等奖,http://www.scujcc.edu.cn/info/1076/5555.htm,2021-07-21
【优秀学生】杨诗逸：锦城最美的青春,https://mp.weixin.qq.com/s/7Z4jT3ugqWhEN7aGq5p20w,2021-07-20
CNKI校外访问方式,https://mp.weixin.qq.com/s/P2fU7rp_2EL9g8NhVDo8Bg,2021-07-19
【辅导员的温暖故事】陈露施：遇见你们，遇见更好的自己 四川大学锦城学院 今天,https://mp.weixin.qq.com/s/6J1qyDC8LZ6t2MspZRquFg,2021-07-19
中央电视台专栏播出锦城榜样校友张博研获好评,https://mp.weixin.qq.com/s/s8z2egj_DOZ5ihZPlvD72w,2021-07-18
【优秀学生】高江伟——微笑着，让青春绽放梦想之花,https://mp.weixin.qq.com/s/kKE9wdoV4O_lo8i22j3w8A,2021-07-18
【优秀学生】张洛嘉：激流勇进，勇攀高峰,https://mp.weixin.qq.com/s/wf9ge5_J9xLw017Xw1F0Cw,2021-07-17
【辅导员的温暖故事】刘武：人生总要追求一份贴近内心的梦想,https://mp.weixin.qq.com/s/kpsG2KG1QEfniawXb9vASg,2021-07-17
我校2021年高考录取查询系统已开通！,https://mp.weixin.qq.com/s/nCVT5rq9ypUNg3zlkTBqyA,2021-07-15
重要通知！锦城学院2021年暑假放假安排来了,https://mp.weixin.qq.com/s/6FHf_HrfdRY6ILcO7LJoMg,2021-07-15
锦城考研人的专属复习教室来啦！,https://mp.weixin.qq.com/s/F6lrGf1BMo4hicTedk7s_w,2021-07-14
我校王潇碧老师被中共四川省委教育工作委员会表彰为优秀共产党员,https://mp.weixin.qq.com/s/nANRNAxy5Lsh1bXpd5pGJg,2021-07-14
全国SYB创业培训讲师大赛再传捷报 ——我校肖江老师荣获四川省赛区“十佳讲师”称号,http://www.scujcc.edu.cn/info/1076/5489.htm,2021-07-13
我校工商管理学院院长左仁淑、艺术学院院长钱梅赴锦城校友企业找我网推进产教融合战略,https://mp.weixin.qq.com/s/CjS9cEdP_frJeIBihvtZqg,2021-07-12
特别播报：2021年录取序幕于昨日拉开，江苏艺术类投档,https://mp.weixin.qq.com/s/hRTQ0FPM4ism3aOLXDHnIQ,2021-07-11
全国SYB创业培训讲师大赛传捷报 ——我校肖江老师荣获成都赛区第二名佳绩,http://www.scujcc.edu.cn/info/1076/5480.htm,2021-07-11
汇聚绵阳校友力量 助力锦城新跨越和新突破 ——熊杨校友任锦城学院绵阳校友会第三届会长,http://www.scujcc.edu.cn/info/1076/5478.htm,2021-07-09
我校人工智能学院院长参加线上会议并发表演讲,https://mp.weixin.qq.com/s/gNbcPPG6IgyVLLI9ygKm_w,2021-07-08
学习先进 赶超先进 更加先进 ——我校“两优一先”表彰对象风采展示（先进基层党组织篇）,http://www.scujcc.edu.cn/info/1076/5475.htm,2021-07-08
我校第五届测绘技能竞赛顺利举行,https://mp.weixin.qq.com/s/zYQCeEopvzrnBCw0bDfcrw,2021-07-07
学习先进 赶超先进 更加先进 ——我校“两优一先”表彰对象风采展示（优秀党务工作者篇）,http://www.scujcc.edu.cn/info/1076/5472.htm,2021-07-07
我校艺术学院两名同学在“四川省大学生四史讲述大赛”中斩获嘉奖！,https://mp.weixin.qq.com/s/hzg4HjlaoGm5csArRtioGg,2021-07-06
学习先进 赶超先进 更加先进 ——我校“两优一先”表彰对象风采展示（优秀共产党员篇）,http://www.scujcc.edu.cn/info/1076/5469.htm,2021-07-06
付文尧博士：锦城教育给我的增值和改变,https://mp.weixin.qq.com/s/3jfTmCJv4Sj3PlmkNsVS6Q,2021-07-04
国家开发银行生源地助学贷款申请指南,https://mp.weixin.qq.com/s/TfYiFEf2Jql-EHSTQLYecw,2021-07-03
@锦城学子：暑假去哪儿？当然是组团参加社会实践啦,https://mp.weixin.qq.com/s/blf6HOXXlYl3ysa8jvH2BQ,2021-07-03
校团委关于表彰2020年度先进集体和先进个人的决定,https://mp.weixin.qq.com/s/6v207jI16vd94DQ2cVIcQQ,2021-07-02
喜报！锦城学院2021年英语专八考试过级率高出同类高校近30个百分点,https://mp.weixin.qq.com/s/aT5eLvuWyI2sChzBuXQODw,2021-07-02
成都锦城学院|报考专科志愿你想知道的都在这里,https://mp.weixin.qq.com/s/Tg8vrKRML36J_nSDknT_kA,2021-06-30
无惧未来 自信向前 ———在锦城学院2021届毕业生毕业典礼上的发言,http://www.scujcc.edu.cn/info/1076/5441.htm,2021-06-30
我校文学与传媒学院谢天开教授出席首届都市文化与文学国际学术研讨会并作论文报告,https://mp.weixin.qq.com/s/vTl6rt4NvKkfcAuKX34hYg,2021-06-29
热烈祝贺我校土木工程专业多位校友被录取为博士研究生,https://mp.weixin.qq.com/s/GkNmDRbD9v6dddMJoOW9eQ,2021-06-29
我校艺术学院表演系两部作品荣获四川省大学生省级展演一等奖、二等奖,https://mp.weixin.qq.com/s/rtnLTrWwtYWIXgH6CQRWkA,2021-06-29
在“尝鲜”和“试错”中赢得未来 ———在锦城学院2021届毕业生毕业典礼上的发言,http://www.scujcc.edu.cn/info/1076/5440.htm,2021-06-29
四川省教育厅官微报道我校宝藏师资队伍,https://mp.weixin.qq.com/s/l953Vo864UjNYgQPE2syew,2021-06-28
锦城每天都在发生故事和创造奇迹 ———在锦城学院2021届毕业生毕业典礼上的致辞,http://www.scujcc.edu.cn/info/1076/5435.htm,2021-06-28
这里有一份美食攻略，请注意查收！,https://mp.weixin.qq.com/s/tCQTkbUVc6OoSbnWEdpCPw,2021-06-27
向阳而生 向美而行 再创佳绩 ———在锦城学院2021届毕业生毕业典礼上的发言,http://www.scujcc.edu.cn/info/1076/5427.htm,2021-06-27
给你N个选择成都锦城学院的理由,https://mp.weixin.qq.com/s/V5cx5TB378VQS9HLoA-c5g,2021-06-26
多少分，可以上成都锦城学院？,https://mp.weixin.qq.com/s/NoPnUgOVLwapkA66HCYNjQ,2021-06-25
助力接种疫苗 锦青在行动 ——锦城学院全面开展新冠疫苗接种工作,http://www.scujcc.edu.cn/info/1076/5423.htm,2021-06-25
促两校互相交流 谋学生会共发展 ——我校电子信息学院学生会走访电子科技大学成都学院计算机学院学生会,http://www.scujcc.edu.cn/info/1076/5422.htm,2021-06-25
我校文传学院范藻教授用美学理念为大邑县社区治理支招,http://www.scujcc.edu.cn/info/1076/5416.htm,2021-06-24
碰撞思想 深化友谊 ——锦城学院与四川传媒学院高校辩论交流赛圆满落幕,http://www.scujcc.edu.cn/info/1076/5415.htm,2021-06-24
成都锦城学院 | 2021年分省招生计划,https://mp.weixin.qq.com/s/uXbBx1ho8xEsvI8wS36Mog,2021-06-23
成都锦城学院 | 2021年招生政策和志愿填报直播预告来啦,https://mp.weixin.qq.com/s/KJt8kpZv_OQ7-eLAokHpwA,2021-06-23
重磅！四川2021年普通高等学校招生录取控制分数线,https://mp.weixin.qq.com/s/A6K529BZ5UxZmwzXHJF7rA,2021-06-23
奏青春之歌 展追梦之翼 ——第15届“花团锦簇，汇生汇社”社团文化节暨毕业季颁奖晚会圆满举办,http://www.scujcc.edu.cn/info/1076/5405.htm,2021-06-23
凝聚锦城校友力量 助力母校一流大学建设 ——锦城校友商会举办16周年校庆主题沙龙,http://www.scujcc.edu.cn/info/1076/5404.htm,2021-06-23
速看！6月23日出高考成绩，查询方式汇总！（附最强查询攻略）,https://mp.weixin.qq.com/s/eBZFAFPLIb4dWC2akmIWZQ,2021-06-22
锦城学院教授谢天开做客最新一期“名人大讲堂”,https://mp.weixin.qq.com/s/vM9Qw8b-gw6gEC-Z7LmE_w,2021-06-22
期末来袭，你的笔记该派上用场了！,https://mp.weixin.qq.com/s/NoaABy9PdTaBUcqjX8yUqg,2021-06-22
切实做好“五力五升”“高阶教学”的实践与探索 ——文传学院举行“五力五升”教学研讨会,http://www.scujcc.edu.cn/info/1076/5398.htm,2021-06-22
这里有一份积攒了16年的祝福要送给即将离开的你们！,https://mp.weixin.qq.com/s/CpFWMF9B5-XSOaLFXfcu8w,2021-06-21
加强交流 共谋发展 ——西昌学院团委、学生会一行来我校参观交流,http://www.scujcc.edu.cn/info/1076/5384.htm,2021-06-21
父爱无言，儿女有答,https://mp.weixin.qq.com/s/HAQVLahgv0tEq1hARkpDmw,2021-06-20
音符跃意林 齐心创佳绩 ——锦城军乐团荣获四川省第七届“意林杯”管乐展示二等奖,http://www.scujcc.edu.cn/info/1076/5367.htm,2021-06-20
高质量的本科教育 高水平的师资队伍——“锦城”教师全力护航高素质应用型人才培养,http://www.scujcc.edu.cn/info/1076/5360.htm,2021-06-19
权威发布 | 2021年本专科生招生计划公布，6048个名额在等你！,https://mp.weixin.qq.com/s/EaEyg9mr3vuF_6MfwOi_Hg,2021-06-18
叮！成都锦城学院叫你签收咨询大礼包啦！,https://mp.weixin.qq.com/s/cHd4bgd2tvQigNxP6I1PlQ,2021-06-18
携手相伴 共创未来 ​——万和证券与锦城学院校企合作签约仪式圆满成功,http://www.scujcc.edu.cn/info/1076/5359.htm,2021-06-18
智汇巴蜀 ——成渝地区双城经济圈第二届“工行杯”大学生模拟求职招聘大赛成都赛区锦城学院赛区比赛圆满举办,http://www.scujcc.edu.cn/info/1076/5358.htm,2021-06-18
加强实践教学 提高综合素质 ——我校第五届测绘技能竞赛顺利举行,http://www.scujcc.edu.cn/info/1076/5185.htm,2021-06-17
权威发布 | 2021年本专科生招生计划公布，6048个名额在等你！,https://mp.weixin.qq.com/s/eAww66hWkdH6lb4gdTS7SQ,2021-06-17
第十六届“魅力锦城”演讲、脱口秀大赛圆满落幕,https://mp.weixin.qq.com/s/OstTTjz52zaC7mkZzqFqSA,2021-06-17
喜报！我校日语专业八级考试通过率超过全国平均水平,https://mp.weixin.qq.com/s/UkBGtIfJbXhUwyxtpHx8Pg,2021-06-16
谨防网络诈骗 提高防范意识 ——高新西区派出所民警举办防电信诈骗知识讲座,http://www.scujcc.edu.cn/info/1076/4961.htm,2021-06-16
人人增值 班班增彩 ——我校第九届班团文化节暨“至善班”答辩活动圆满落幕,http://www.scujcc.edu.cn/info/1076/4959.htm,2021-06-15
“名人大讲堂”报名了！来听谢天开教授讲“薛涛笺”背后的故事,https://mp.weixin.qq.com/s/O1j8lanoM_GOpbYD4zX4Gg,2021-06-15
2021锦城学院招生宣传片震撼首发,https://mp.weixin.qq.com/s/pu8VbQ5AALPCEldu5hUNyg,2021-06-15
“如何成为国际贸易行业的杰出人才” ——成都尼达罗农业科技有限公司总经理张燕民为我校学子做讲座,http://www.scujcc.edu.cn/info/1076/4895.htm,2021-06-14
端午安康！,https://mp.weixin.qq.com/s/60B71aup3ty3RO8m2Jkgxw,2021-06-14
2020年度“三十佳”答辩活动圆满落幕,http://www.scujcc.edu.cn/info/1076/4893.htm,2021-06-13
校友办赴中信银行调研锦城校友发展情况,http://www.scujcc.edu.cn/info/1076/4892.htm,2021-06-12
那些年被误解过的专业（二）,https://mp.weixin.qq.com/s/qQ0lKVW_5LXME2H333HPZA,2021-06-12
做好就业准备 提升就业实力 ——电子学院开展“职业素养”培养系列活动,http://www.scujcc.edu.cn/info/1076/4775.htm,2021-06-11
2021“挑战杯”四川省大学生课外学术科技作品竞赛落幕：我校文传...,https://mp.weixin.qq.com/s/jRqWpIkIL8IiKpuAhC8kgw,2021-06-11
修建报恩寺：15世纪龙州土司政治的实践与权力网络 ——曾穷石老师带领我校学子探秘土司政治,http://www.scujcc.edu.cn/info/1076/4662.htm,2021-06-10
人生值得1+N种可能 ——金融校友蔡鑫返校为我校学子做讲座,http://www.scujcc.edu.cn/info/1076/4661.htm,2021-06-10
我校武术协会出征四川省高校跆拳道联赛斩获两金一银一铜,http://www.scujcc.edu.cn/info/1076/4663.htm,2021-06-10
查询期末考试安排啦,https://mp.weixin.qq.com/s/YSX4j4yrvRSYTl7bntPSaQ,2021-06-09
点赞！三个一等奖、入围国赛！,https://mp.weixin.qq.com/s/gO6CBWqJW5jmmmUblEh2jA,2021-06-09
搭建实习参观平台 提升学生综合实力 ——我校外国语学院日语专业学生赴外资企业参观学习,http://www.scujcc.edu.cn/info/1076/4660.htm,2021-06-09
做好就业准备 提升就业实力 ——电子学院开展“职业素养”培养系列活动,http://www.scujcc.edu.cn/info/1076/4657.htm,2021-06-08
住锦城“小窝”，享“世界”生活,https://mp.weixin.qq.com/s/C8Q352IJBtbburhcKIBO_g,2021-06-08
共享阳光 书法魅力 ——资阳市文联走进锦城学院专场书法讲座圆满结束,http://www.scujcc.edu.cn/info/1076/4655.htm,2021-06-07
《长物》设计展在X413开展啦,https://mp.weixin.qq.com/s/d_GoUV5B7R7XuC-aBlSTSw,2021-06-06
高考倒计时一天丨锦城学子为高考考生加油,https://mp.weixin.qq.com/s/JcKp1moJ4N0vuvjOh5hUtg,2021-06-06
提高防骗意识 共建平安校园——电子信息学院开展校园安全暨反诈骗宣讲,http://www.scujcc.edu.cn/info/1076/4651.htm,2021-06-05
毕业季 | 离绪千种，期待着又一次重逢！,https://mp.weixin.qq.com/s/wLfUAgMU14rems5i9Y7lfg,2021-06-05
锦城“技术型文科人才”培养模式的受益者 锦城巫海燕校友荣获“四川青年五四奖章”,http://www.scujcc.edu.cn/info/1076/4648.htm,2021-06-04
新文科 新模式 新媒体 ——我校教师赴京参加全国高校第二届网络与新媒体专业建设研讨会,http://www.scujcc.edu.cn/info/1076/4649.htm,2021-06-04
我校师生斩获3项银奖,http://www.scujcc.edu.cn/info/1076/4647.htm,2021-06-03
为学生搭建通向世界顶尖行业的实习平台 ——我校召开2019级普华永道实验班总结大会,http://www.scujcc.edu.cn/info/1076/4645.htm,2021-06-03
砥砺前行在路上 不忘初心永牢记 ——锦城学生通讯社与学生自律委员会联欢晚会圆满举行,http://www.scujcc.edu.cn/info/1076/4646.htm,2021-06-03
学会规则 走向成功 ——校友张婧返校为毕业生做职场礼仪培训,http://www.scujcc.edu.cn/info/1076/4644.htm,2021-06-02
我校学子首夺ACM/ICPC亚洲区域赛铜奖,http://www.scujcc.edu.cn/info/1076/4643.htm,2021-06-02
那些年被误解过的专业,https://mp.weixin.qq.com/s/Tp4Jris8cgCdDXDHPvlv7Q,2021-06-01
我校就业处开展就业促进周系列活动 ——土建类实习生项目推介会顺利召开,http://www.scujcc.edu.cn/info/1076/4642.htm,2021-06-01
梦想征程 星辰大海 ——我校李敬校友走进就业指导课堂为同学做分享,http://www.scujcc.edu.cn/info/1076/4640.htm,2021-05-31
直播回顾|锦城电子、智慧人生——新兴电子信息产业的发展趋势解...,https://mp.weixin.qq.com/s/pbFf48xcNyrjQsL-qZo9YQ,2021-05-30
直播回顾｜​想被“锦城”pick？帮你跑出录取加速度-招生政策和志...,https://mp.weixin.qq.com/s/PsqIQqthz5hNzn6L9f5VFA,2021-05-30
直播回顾｜数字工商，赢在职场——数字商科人才培养的践行者,https://mp.weixin.qq.com/s/TOSzxcOGf91bKzijXgKvrw,2021-05-30
直播回顾 | “智”造未来——锦城智能制造类专业解读,https://mp.weixin.qq.com/s/9t5XPFGpruBv17k5KmT3IQ,2021-05-30
直播回顾｜​校友说：我的锦城时光,https://mp.weixin.qq.com/s/WJC0l2PyhIaTLmaHQ4cmaQ,2021-05-30
直播回顾|闪耀的锦城，闪亮的你！ ——在锦城第四课堂点亮自己,https://mp.weixin.qq.com/s/FLU2m_iBsJqTbFh5C69ifQ,2021-05-29
直播回顾|世界的声音 有你更动听,https://mp.weixin.qq.com/s/30vtGSS0M05jXC5SEpY4TQ,2021-05-29
直播回顾|属于世界的会计师、游遍全球的财务者,https://mp.weixin.qq.com/s/5ikIPSvQ4W0mjHFVrHLJdA,2021-05-29
直播回顾|数字财会 智慧未来,https://mp.weixin.qq.com/s/aduVM3z76_8Kj7S9syOBLQ,2021-05-29
直播回顾|锦城金融 财富人生,https://mp.weixin.qq.com/s/QnaT9CkPAarxbUKBRo7WxQ,2021-05-29
一张图带你了解锦城应用型人才培养,https://mp.weixin.qq.com/s/-22MU6XOvfZj7ulTGC0yEA,2021-05-28
智能学院三位学生积极投身疫情防控，获当地政府表彰,https://mp.weixin.qq.com/s/Cq5D_MWfavmtVmFX1ynxqQ,2021-05-28
促进产学研融合 实现资源优势互补 ——我校金融学院与深圳希施玛数据科技有限公司签订长期战略合作协议,http://www.scujcc.edu.cn/info/1076/4628.htm,2021-05-28
信仰之光接力传·复兴之路谱新篇 ——庆祝建党100周年暨锦城学院建校16周年·“锦城之春”学生文化艺术节系列活动之“锦青故事汇”主题演讲比赛圆满举行,http://www.scujcc.edu.cn/info/1076/4624.htm,2021-05-27
联络校友 加持校友 赋能校友 ——成都大学校友办主任杨阳率队来我校交流,http://www.scujcc.edu.cn/info/1076/4622.htm,2021-05-27
大数据背景下的银行业务数字化转型 ——我校外国语学院“风采外语路”系列讲座顺利开讲,http://www.scujcc.edu.cn/info/1076/4623.htm,2021-05-27
一张图带你了解锦城应用型人才培养,http://www.scujcc.edu.cn/info/1076/4629.htm,2021-05-27
锦城十场专业直播待你继续解锁！,https://mp.weixin.qq.com/s/yr5ZZ9FND6BXaWQdCVaKmg,2021-05-26
贯彻“五力五升”教学要求 培养学生高阶思维 ——我校金融学系召开“五力五升”阶段性总结会,http://www.scujcc.edu.cn/info/1076/4613.htm,2021-05-26
挖掘产业新元素 探寻艺术新视角 ——我校2021届服装与服饰设计专业毕业服装秀隆重展出,http://www.scujcc.edu.cn/info/1076/4625.htm,2021-05-26
奋勇拼搏 止于至善——我校羽毛球队勇夺2021年首届工商杯高校羽毛球团体赛冠军,http://www.scujcc.edu.cn/info/1076/4610.htm,2021-05-25
发挥自身优势 实现人生价值 ——外国语学院举行2021届毕业生就业能力突破训练营启动仪式暨毕业生就业工作推进会,http://www.scujcc.edu.cn/info/1076/4626.htm,2021-05-25
我校青年志愿者协会荣获2020年度优秀青年志愿服务组织,http://www.scujcc.edu.cn/info/1076/4611.htm,2021-05-25
直播回顾|新文科教育的先行者，成就技术型文科人才,https://mp.weixin.qq.com/s/mEv4q2q0qHFZVPlURvAfKQ,2021-05-23
直播回顾|从二次元到三维空间,https://mp.weixin.qq.com/s/G3UE0Xy0LqoWF7uFeuVh2A,2021-05-23
直播回顾|为学生发展，锦城这样做,https://mp.weixin.qq.com/s/_rbhApnU-K5yd82MrWyj3g,2021-05-23
直播回顾|未来世界，由你建造,https://mp.weixin.qq.com/s/H9mOlUphN7mks_x5R8VseQ,2021-05-23
直播回顾|锦城国际教育，直通世界顶尖名校,https://mp.weixin.qq.com/s/IxNIaWoKTqRE-ZBV4nNdUw,2021-05-23
直播回顾|带你走进锦城计科的快乐星球,https://mp.weixin.qq.com/s/k4NwvgpCSpCX2iaukrbrAg,2021-05-22
直播回顾|来锦城，带你C位出道,https://mp.weixin.qq.com/s/fyHvhs3fMLCEpbl9W83t-w,2021-05-22
直播回顾|更好的“锦城”，更好的“你”,https://mp.weixin.qq.com/s/QaKRr4F0bDguTfkK5cC0hA,2021-05-22
直播回顾|人生苦短，只学AI,https://mp.weixin.qq.com/s/mmbMOD81qwVa62QpqAI6_Q,2021-05-22
"直播回顾|教学管理,锦城这样做",https://mp.weixin.qq.com/s/mbJlGgV2FUuVmy9cOMLe6A,2021-05-22
友谊第一 赛出风采 ——2021年“嘉诚经纬”杯双球联赛启动仪式暨篮球赛揭幕战圆满举办,http://www.scujcc.edu.cn/info/1076/4597.htm,2021-05-21
持续优化教学设计 打造“锦城”高阶课堂 ———我校通识教育学院教师李海艳让高数课堂焕发创新活力,http://www.scujcc.edu.cn/info/1076/4596.htm,2021-05-21
凝聚·奋进·突破 ——我校2020年度第四课堂工作答辩评审会暨团建工作经验交流会圆满落幕,http://www.scujcc.edu.cn/info/1076/4598.htm,2021-05-20
校友作品“馋哭网友”：感谢母校的“长板教育”,https://mp.weixin.qq.com/s/nVKHEA5yJ4RB5m90zJ00eQ,2021-05-20
重磅！锦城学院2021专业直播总预告来啦,https://mp.weixin.qq.com/s/S7k-bO2xyenKoBR4ihepPQ,2021-05-19
开启“国际复合人才”新篇章——格睿泰思与外语学院“外语+IT人才培养工作室”正式开幕,http://www.scujcc.edu.cn/info/1076/4593.htm,2021-05-19
乾坤未定，你们皆是黑马,https://mp.weixin.qq.com/s/WrP4zfRTHbAcqQyKbEnVhw,2021-05-18
学科交叉磨课 助力高阶教学 ——锦城高阶教学名师工作坊第一次线下磨课圆满举行,http://www.scujcc.edu.cn/info/1076/4590.htm,2021-05-18
我校外国语学院举行2021届毕业生就业能力突破训练营启动仪式暨毕...,https://mp.weixin.qq.com/s/CYjfp9kz3--QJ7XzYtXySw,2021-05-18
首届四川省高校教师教学创新大赛落幕 ——我校《民俗学》教学团队包揽四大奖项,http://www.scujcc.edu.cn/info/1076/4580.htm,2021-05-17
以研促学 学以致用 ——电子学院举行2021届本科毕业答辩会,http://www.scujcc.edu.cn/info/1076/4599.htm,2021-05-17
不忘初心，向阳而行”主题晚会进行中！,https://mp.weixin.qq.com/s/vvno0xU9iyRTSAmBDOUvzA,2021-05-16
那些年校长“点赞”的人,https://mp.weixin.qq.com/s/FKnVeBPkQIu57ER99gEB1g,2021-05-13
落实一体两翼知识教育 丰富校园文化生活,http://www.scujcc.edu.cn/info/1076/4576.htm,2021-05-12
王成伟校友：锦城遭遇“5.12”大地震纪实,https://mp.weixin.qq.com/s/NFcqAr0O-TJFYrdZTIwK9Q,2021-05-12
美好正在派件，请点击查收！,https://mp.weixin.qq.com/s/7vafy5sAIcU_D6BIwx-nmg,2021-05-12
文明借阅不占座，共同提升「非认知能力」,https://mp.weixin.qq.com/s/Ouj6AU_MoztXS7o7GBC9HA,2021-05-12
有思想的建筑之民宿设计 ——我校建筑学院2005级城乡规划校友蒋苏回校开展主题讲座,http://www.scujcc.edu.cn/info/1076/4572.htm,2021-05-11
锦城建校16周年，我的故事都是关于你啊!,https://mp.weixin.qq.com/s/kiCtmIyN9xTigiUpOIaqJw,2021-05-11
"2005——2021，一起回顾锦城的""记忆卷轴""",https://mp.weixin.qq.com/s/0SzYt78BXgyuw83D55iraA,2021-05-10
铭记光辉历程，迈向新的辉煌——锦城历史上的五月九号,https://mp.weixin.qq.com/s/gCN-PCW7xy23jFhLDIeIxQ,2021-05-10
学软硬结合的理论 做智慧超群系统 ——黄河交通学院胡世雄副校长一行莅临我校参观5G应用实验中心,http://www.scujcc.edu.cn/info/1076/4570.htm,2021-05-10
感恩母亲节,https://mp.weixin.qq.com/s/Fs8_I5rDUr-8_OgwBA4fIQ,2021-05-09
相约幸福成都 共庆百年华诞 ——我校跑步协会积极参与2021成都善行者公益徒步活动,http://www.scujcc.edu.cn/info/1076/4564.htm,2021-05-08
双向学习涨经验 畅所欲言促办学 ——我校与广东培正学院办学经验交流会圆满结束,http://www.scujcc.edu.cn/info/1076/4565.htm,2021-05-08
校友包下成都C位点亮锦城学院为母校庆生一周,https://mp.weixin.qq.com/s/4fyji_VvQ1ub9OyKZQewAg,2021-05-08
传承中华武术 弘扬拼搏精神 ——我校白毦骑士团斩获第三届四川高校兵击联赛冠军,http://www.scujcc.edu.cn/info/1076/4557.htm,2021-05-07
校庆倒计时两天丨定制锦大拼图，快来滑动解锁！,https://mp.weixin.qq.com/s/xiKl3gS7k5L1ANIiEoHhFQ,2021-05-07
坚持“走出去、请进来”的发展战略落实“开拓市场、深化合作”的长效机制 ——我校赴苏商集团与千行电力公司参观考察,http://www.scujcc.edu.cn/info/1076/4558.htm,2021-05-07
锦城的小哥哥小姐姐们，你要pick谁？,https://mp.weixin.qq.com/s/Q6PBDC3zQDxTiZsMjdigew,2021-05-06
专家、学者齐聚锦城共享学术盛宴——“天府名师讲坛”首场讲座在我校顺利举办,http://www.scujcc.edu.cn/info/1076/4542.htm,2021-05-06
锦城学院辩论队VS成都工业学院辩论队交流赛圆满结束,http://www.scujcc.edu.cn/info/1076/4541.htm,2021-05-06
锐意前行 不断创新 ——财会学院团总支荣获2020年度“四川省五四红旗团支部”称号,http://www.scujcc.edu.cn/info/1076/4537.htm,2021-05-05
锦城青年：做人第一 能力至上！,https://mp.weixin.qq.com/s/R58JynXg0TlWCEFsb8nbaQ,2021-05-04
前瞻性视野 全方位培育 持续性创新 ———锦城学院教育创新探索与实践,http://www.scujcc.edu.cn/info/1076/4535.htm,2021-05-04
以赛促学 以研提能——电子信息学院开展科技创业大赛答辩,http://www.scujcc.edu.cn/info/1076/4536.htm,2021-05-04
携手并进 共同成长——2021年春期第一次社长大会暨社团发展论坛召开,http://www.scujcc.edu.cn/info/1076/4533.htm,2021-05-03
锦城吴鹏坤校友荣登2021年“中国好人榜”——我校校友在扶贫一线发扬锦城精神,http://www.scujcc.edu.cn/info/1076/4532.htm,2021-05-03
权威发布 | 我校2021年新增2个本科专业，3个专科专业,https://mp.weixin.qq.com/s/EoM5OUgRwt6JqoedpwMV_g,2021-05-03
促进社团文化繁荣发展 营造良好校园文化氛围——第三届社团文化博览会暨春夏游园会圆满举行,http://www.scujcc.edu.cn/info/1076/4530.htm,2021-05-02
志愿西部行，建功十四五,https://mp.weixin.qq.com/s/21sJhXvAwMD0_Nfqh9XpyQ,2021-05-02
劳动最光荣 奋斗最幸福,https://mp.weixin.qq.com/s/xRc9V_G_PAglpuM2oeETjQ,2021-05-01
快来和锦城学子一起过劳动节！,https://mp.weixin.qq.com/s/3jBWdjO1HBooPVgONhR35A,2021-05-01
分享“锦城”经验 传播“锦城”特色 ——我校受邀参加新时代高校学生工作信息化建设专题研讨会并做专题报告,http://www.scujcc.edu.cn/info/1076/4528.htm,2021-05-01
成都市公安局高新区分局反诈宣传告知书,https://mp.weixin.qq.com/s/u7NWl5gx-N0yEjKcLUPy1w,2021-04-30
欢迎回家！锦城学院2007级毕业十周年返校活动指南,https://mp.weixin.qq.com/s/nrD0ZFLEwnWS7C8LyIvkXQ,2021-04-30
2021年“劳动节”我校图书馆开馆时间通知,https://mp.weixin.qq.com/s/G5JeqUQprznh3zsx-gwraA,2021-04-29
谁是锦城C位，快来为他撑腰！,https://mp.weixin.qq.com/s/YR-GZgvmBCdCtpKl8Fv-RA,2021-04-28
以检查促落实 以整改促安全——依法依规管控重点要害部位见行动,http://www.scujcc.edu.cn/info/1076/4322.htm,2021-04-28
了解专业课程 展望职业生涯——达州区招考系统领导一行莅临我校考察调研,http://www.scujcc.edu.cn/info/1076/4312.htm,2021-04-27
开创“锦城”国际化校校合作新局面 实现“锦城”教学、育人新跨越,http://www.scujcc.edu.cn/info/1076/3261.htm,2021-04-26
关于组织开展第九届班团文化节暨班团文化博览会的通知,http://www.scujcc.edu.cn/info/1076/3260.htm,2021-04-26
喜讯｜我校艺术学院孙文妍同学在“第二届科学传播大赛”荣获二等...,https://mp.weixin.qq.com/s/izOWYcqTW0bepRfEqlyL6Q,2021-04-26
提升学生非认知能力 挖掘点亮自身长板——2021年春季第四课堂工作推进会顺利召开,http://www.scujcc.edu.cn/info/1076/1884.htm,2021-04-25
聚焦主责主业 繁荣校园文化,http://www.scujcc.edu.cn/info/1076/1882.htm,2021-04-25
四川省文化和旅游厅调研我校直播商学院,https://mp.weixin.qq.com/s/_jc3YyEfPKngmI-QRC_nRA,2021-04-25
​大众创业 万众创新——我校“第十五届大学生创新创业大赛”建筑学院赛区如期举行,http://www.scujcc.edu.cn/info/1076/1879.htm,2021-04-24
融合式项目驱动——我校艺术学院探索“新文科”数字创意人才培养...,https://mp.weixin.qq.com/s/kE_CUcB_OaxWUmOGK4Zoeg,2021-04-24
一张图带你了解锦城独有的“长板原理”,https://mp.weixin.qq.com/s/cDKr0OmlWJSylgui6lq9Aw,2021-04-23
认真学习校长讲话 做好做实“五力五升” （第七期）,http://www.scujcc.edu.cn/info/1076/1872.htm,2021-04-23
品政治之风骨 鉴文化之大家——知名教育家、文史专家胡林为我校学子做讲座,http://www.scujcc.edu.cn/info/1076/3262.htm,2021-04-23
